{
    "image_id": "IMG_9967",
    "width": 2592,
    "height": 1728,
    "coco_id": null,
    "flickr_id": null,
    "objects": [
        {
            "object_id": 4,
            "x": 1295.5,
            "y": 863.5,
            "w": 2591.0,
            "h": 1727.0,
            "names": [
                "wall"
            ],
            "synsets": []
        },
        {
            "object_id": 5,
            "x": 1664.888916015625,
            "y": 1342.8333435058594,
            "w": 1244.22216796875,
            "h": 768.3333129882812,
            "names": [
                "door"
            ],
            "synsets": []
        },
        {
            "object_id": 11,
            "x": 1512.2222290039062,
            "y": 448.94443130493164,
            "w": 811.1112060546875,
            "h": 758.3333053588867,
            "names": [
                "board"
            ],
            "synsets": []
        }
    ],
    "relationships": [
        {
            "subject_id": 5,
            "object_id": 4,
            "predicate": "has opening in",
            "relationship_id": 9
        },
        {
            "subject_id": 11,
            "object_id": 4,
            "predicate": "fixed on",
            "relationship_id": 13
        }
    ]
}