{
    "image_id": "IMG_0056",
    "width": 2592,
    "height": 1728,
    "coco_id": null,
    "flickr_id": null,
    "objects": [
        {
            "object_id": 4,
            "x": 2113.0,
            "y": 863.5,
            "w": 956.0,
            "h": 1727.0,
            "names": [
                "wall"
            ],
            "synsets": []
        },
        {
            "object_id": 4,
            "x": 444.3888854980469,
            "y": 863.5,
            "w": 888.7777709960938,
            "h": 1727.0,
            "names": [
                "wall"
            ],
            "synsets": []
        },
        {
            "object_id": 21,
            "x": 1296.9444274902344,
            "y": 779.3333129882812,
            "w": 880.5554809570312,
            "h": 1558.6666259765625,
            "names": [
                "window"
            ],
            "synsets": []
        },
        {
            "object_id": 22,
            "x": 1293.0,
            "y": 1603.9444580078125,
            "w": 816.0,
            "h": 246.111083984375,
            "names": [
                "radiator"
            ],
            "synsets": []
        }
    ],
    "relationships": []
}