{
    "image_id": "IMG_0047",
    "width": 2592,
    "height": 1728,
    "coco_id": null,
    "flickr_id": null,
    "objects": [
        {
            "object_id": 4,
            "x": 1295.5,
            "y": 863.5,
            "w": 2591.0,
            "h": 1727.0,
            "names": [
                "wall"
            ],
            "synsets": []
        },
        {
            "object_id": 5,
            "x": 1177.0555419921875,
            "y": 1258.1111145019531,
            "w": 1048.111083984375,
            "h": 937.7777709960938,
            "names": [
                "door"
            ],
            "synsets": []
        },
        {
            "object_id": 13,
            "x": 533.3333435058594,
            "y": 1124.242431640625,
            "w": 169.69696044921875,
            "h": 148.48486328125,
            "names": [
                "door sign"
            ],
            "synsets": []
        }
    ],
    "relationships": [
        {
            "subject_id": 5,
            "object_id": 4,
            "predicate": "has opening in",
            "relationship_id": 9
        }
    ]
}