{
    "image_id": "IMG_0025",
    "width": 2592,
    "height": 1728,
    "coco_id": null,
    "flickr_id": null,
    "objects": [
        {
            "object_id": 4,
            "x": 1295.5,
            "y": 863.5,
            "w": 2591.0,
            "h": 1727.0,
            "names": [
                "wall"
            ],
            "synsets": []
        },
        {
            "object_id": 8,
            "x": 2008.5,
            "y": 1373.9375,
            "w": 1165.0,
            "h": 706.125,
            "names": [
                "trash bin"
            ],
            "synsets": []
        },
        {
            "object_id": 13,
            "x": 362.2631530761719,
            "y": 366.9473648071289,
            "w": 407.89471435546875,
            "h": 389.4736785888672,
            "names": [
                "door sign"
            ],
            "synsets": []
        },
        {
            "object_id": 14,
            "x": 1673.4137573242188,
            "y": 887.9310302734375,
            "w": 63.7930908203125,
            "h": 89.6551513671875,
            "names": [
                "light switch"
            ],
            "synsets": []
        }
    ],
    "relationships": [
        {
            "subject_id": 14,
            "object_id": 4,
            "predicate": "mounted on",
            "relationship_id": 2
        }
    ]
}