{
    "image_id": "IMG_8854",
    "width": 2592,
    "height": 1728,
    "coco_id": null,
    "flickr_id": null,
    "objects": [
        {
            "object_id": 7,
            "x": 1295.5,
            "y": 1409.0,
            "w": 2591.0,
            "h": 636.0,
            "names": [
                "floor"
            ],
            "synsets": []
        },
        {
            "object_id": 4,
            "x": 2156.0,
            "y": 222.38888549804688,
            "w": 870.0,
            "h": 444.77777099609375,
            "names": [
                "wall"
            ],
            "synsets": []
        },
        {
            "object_id": 4,
            "x": 940.9999694824219,
            "y": 318.1111145019531,
            "w": 193.33331298828125,
            "h": 324.4444580078125,
            "names": [
                "wall"
            ],
            "synsets": []
        },
        {
            "object_id": 20,
            "x": 1295.5,
            "y": 696.8333129882812,
            "w": 2591.0,
            "h": 1393.6666259765625,
            "names": [
                "staircase"
            ],
            "synsets": []
        }
    ],
    "relationships": []
}