{
    "image_id": "IMG_8827",
    "width": 2592,
    "height": 1728,
    "coco_id": null,
    "flickr_id": null,
    "objects": [
        {
            "object_id": 1,
            "x": 1295.5,
            "y": 584.7142944335938,
            "w": 2591.0,
            "h": 1169.4285888671875,
            "names": [
                "ceiling"
            ],
            "synsets": []
        },
        {
            "object_id": 4,
            "x": 1295.5,
            "y": 1235.5,
            "w": 2591.0,
            "h": 983.0,
            "names": [
                "wall"
            ],
            "synsets": []
        },
        {
            "object_id": 6,
            "x": 1590.0602416992188,
            "y": 333.1325225830078,
            "w": 117.4698486328125,
            "h": 127.71084594726562,
            "names": [
                "smoke alarm"
            ],
            "synsets": []
        }
    ],
    "relationships": [
        {
            "subject_id": 6,
            "object_id": 1,
            "predicate": "mounted on",
            "relationship_id": 2
        }
    ]
}