{
    "image_id": "IMG_0067",
    "width": 2592,
    "height": 1728,
    "coco_id": null,
    "flickr_id": null,
    "objects": [
        {
            "object_id": 4,
            "x": 2224.3333129882812,
            "y": 646.5,
            "w": 733.3333740234375,
            "h": 1293.0,
            "names": [
                "wall"
            ],
            "synsets": []
        },
        {
            "object_id": 4,
            "x": 2499.888916015625,
            "y": 121.27777862548828,
            "w": 182.22216796875,
            "h": 242.55555725097656,
            "names": [
                "wall"
            ],
            "synsets": []
        },
        {
            "object_id": 20,
            "x": 1295.5,
            "y": 863.5,
            "w": 2591.0,
            "h": 1727.0,
            "names": [
                "staircase"
            ],
            "synsets": []
        }
    ],
    "relationships": []
}