{"image_id": "IMG_0015", "width": 2592, "height": 1728, "coco_id": null, "flickr_id": null, "objects": [{"object_id": 4, "x": 1295.5, "y": 1255.0, "w": 2591.0, "h": 944.0, "names": ["wall"], "synsets": []}, {"object_id": 1, "x": 1295.5, "y": 688.5, "w": 2591.0, "h": 1377.0, "names": ["ceiling"], "synsets": []}, {"object_id": 2, "x": 1159.8947143554688, "y": 628.0701599121094, "w": 217.5438232421875, "h": 210.52630615234375, "names": ["lighting"], "synsets": []}, {"object_id": 3, "x": 1810.7719116210938, "y": 205.2631607055664, "w": 175.4385986328125, "h": 154.38597106933594, "names": ["speaker"], "synsets": []}]}