{"image_id": "IMG_9965", "width": 2592, "height": 1728, "coco_id": null, "flickr_id": null, "objects": [{"object_id": 1, "x": 1295.5, "y": 863.5, "w": 2591.0, "h": 1727.0, "names": ["ceiling"], "synsets": []}, {"object_id": 2, "x": 1299.7222290039062, "y": 1310.0556030273438, "w": 330.5555419921875, "h": 319.4444580078125, "names": ["lighting"], "synsets": []}, {"object_id": 3, "x": 1244.1666259765625, "y": 400.3333435058594, "w": 286.111083984375, "h": 277.77777099609375, "names": ["speaker"], "synsets": []}]}