{"image_id": "IMG_9975", "width": 2592, "height": 1728, "coco_id": null, "flickr_id": null, "objects": [{"object_id": 4, "x": 1295.5, "y": 863.5, "w": 2591.0, "h": 1727.0, "names": ["wall"], "synsets": []}, {"object_id": 5, "x": 1489.0, "y": 938.25, "w": 1768.0, "h": 1577.5, "names": ["door"], "synsets": []}, {"object_id": 13, "x": 451.96153259277344, "y": 1096.423095703125, "w": 194.23074340820312, "h": 225.0, "names": ["door sign"], "synsets": []}]}