{"image_id": "IMG_9977", "width": 2592, "height": 1728, "coco_id": null, "flickr_id": null, "objects": [{"object_id": 4, "x": 938.5, "y": 863.5, "w": 1877.0, "h": 1727.0, "names": ["wall"], "synsets": []}, {"object_id": 5, "x": 2206.5, "y": 863.5, "w": 769.0, "h": 1727.0, "names": ["door"], "synsets": []}, {"object_id": 13, "x": 1287.9649047851562, "y": 311.4035110473633, "w": 157.8946533203125, "h": 191.2280731201172, "names": ["door sign"], "synsets": []}, {"object_id": 14, "x": 398.7341766357422, "y": 837.341796875, "w": 65.82278442382812, "h": 79.746826171875, "names": ["light switch"], "synsets": []}]}