{"image_id": "IMG_9988", "width": 2592, "height": 1728, "coco_id": null, "flickr_id": null, "objects": [{"object_id": 4, "x": 1295.5, "y": 863.5, "w": 2591.0, "h": 1727.0, "names": ["wall"], "synsets": []}, {"object_id": 5, "x": 2223.0, "y": 1007.0, "w": 736.0, "h": 1440.0, "names": ["door"], "synsets": []}, {"object_id": 13, "x": 1715.3333740234375, "y": 864.0, "w": 156.0, "h": 162.6666259765625, "names": ["door sign"], "synsets": []}, {"object_id": 14, "x": 366.1666717529297, "y": 1315.8333129882812, "w": 181.66665649414062, "h": 141.6666259765625, "names": ["light switch"], "synsets": []}]}