{"image_id": "IMG_0065", "width": 2592, "height": 1728, "coco_id": null, "flickr_id": null, "objects": [{"object_id": 4, "x": 824.5, "y": 414.0, "w": 1649.0, "h": 828.0, "names": ["wall"], "synsets": []}, {"object_id": 20, "x": 1295.5, "y": 948.5, "w": 2591.0, "h": 1557.0, "names": ["staircase"], "synsets": []}, {"object_id": 21, "x": 2092.0, "y": 450.1666564941406, "w": 998.0, "h": 900.3333129882812, "names": ["window"], "synsets": []}, {"object_id": 21, "x": 747.6666946411133, "y": 362.55554962158203, "w": 1082.2222747802734, "h": 639.9999847412109, "names": ["window"], "synsets": []}]}