{"image_id": "IMG_0029", "width": 2592, "height": 1728, "coco_id": null, "flickr_id": null, "objects": [{"object_id": 4, "x": 1295.5, "y": 863.5, "w": 2591.0, "h": 1727.0, "names": ["wall"], "synsets": []}, {"object_id": 5, "x": 1476.5, "y": 1120.75, "w": 763.0, "h": 1212.5, "names": ["door"], "synsets": []}, {"object_id": 5, "x": 2564.5, "y": 1059.0, "w": 53.0, "h": 1336.0, "names": ["door"], "synsets": []}, {"object_id": 10, "x": 284.45945739746094, "y": 313.51351165771484, "w": 71.62161254882812, "h": 170.27027893066406, "names": ["escape sign"], "synsets": []}]}