{"image_id": "IMG_0068", "width": 2592, "height": 1728, "coco_id": null, "flickr_id": null, "objects": [{"object_id": 4, "x": 1295.5, "y": 863.5, "w": 2591.0, "h": 1727.0, "names": ["wall"], "synsets": []}, {"object_id": 12, "x": 474.72222900390625, "y": 1114.2222595214844, "w": 413.888916015625, "h": 1111.1111450195312, "names": ["fire extinguisher"], "synsets": []}, {"object_id": 14, "x": 1009.3214111328125, "y": 1224.7857055664062, "w": 119.642822265625, "h": 167.8570556640625, "names": ["light switch"], "synsets": []}]}