{"image_id": "IMG_9963", "width": 2592, "height": 1728, "coco_id": null, "flickr_id": null, "objects": [{"object_id": 4, "x": 1295.5, "y": 863.5, "w": 2591.0, "h": 1727.0, "names": ["wall"], "synsets": []}, {"object_id": 1, "x": 637.0, "y": 224.5, "w": 1274.0, "h": 449.0, "names": ["ceiling"], "synsets": []}, {"object_id": 10, "x": 984.4583435058594, "y": 795.6666564941406, "w": 202.08331298828125, "h": 354.16668701171875, "names": ["escape sign"], "synsets": []}]}