{"image_id": "IMG_9998", "width": 2592, "height": 1728, "coco_id": null, "flickr_id": null, "objects": [{"object_id": 4, "x": 1295.5, "y": 863.5, "w": 2591.0, "h": 1727.0, "names": ["wall"], "synsets": []}, {"object_id": 5, "x": 894.9444580078125, "y": 1130.3333435058594, "w": 390.111083984375, "h": 1193.3333129882812, "names": ["door"], "synsets": []}, {"object_id": 16, "x": 139.5, "y": 1229.0, "w": 279.0, "h": 996.0, "names": ["elevator"], "synsets": []}, {"object_id": 13, "x": 1096.1240234375, "y": 884.1085510253906, "w": 54.263671875, "h": 96.89923095703125, "names": ["door sign"], "synsets": []}]}